<?xml version="1.0" encoding="UTF-8"?>
<nrml xmlns:gml="http://www.opengis.net/gml"
      xmlns="http://openquake.org/xmlns/nrml/0.4">
    <logicTree logicTreeID='lt1'>

            <logicTreeBranchSet uncertaintyType="gmpeModel" branchSetID="bs1"
                    applyToTectonicRegionType="Active Shallow Crust">

                <logicTreeBranch branchID="AA">
 <uncertaintyModel>AbrahamsonEtAl2014</uncertaintyModel>
                    <uncertaintyWeight>0.33</uncertaintyWeight>
                </logicTreeBranch>

                <logicTreeBranch branchID="CA">
 <uncertaintyModel>ChiouYoungs2014</uncertaintyModel>
                    <uncertaintyWeight>0.33</uncertaintyWeight>
                </logicTreeBranch>
				
				<logicTreeBranch branchID="BA">
 <uncertaintyModel>CampbellBozorgnia2014</uncertaintyModel>
                    <uncertaintyWeight>0.34</uncertaintyWeight>
                </logicTreeBranch>
				
				</logicTreeBranchSet>

    </logicTree>
</nrml>
