<?xml version="1.0" encoding="UTF-8"?>
<nrml xmlns:gml="http://www.opengis.net/gml"
      xmlns="http://openquake.org/xmlns/nrml/0.4">
    <logicTree logicTreeID="lt1">
	
            <logicTreeBranchSet uncertaintyType="sourceModel"
                                branchSetID="bs1">
								
                <logicTreeBranch branchID="ALL">
                    <uncertaintyModel>source_model.xml</uncertaintyModel>
                    <uncertaintyWeight>1.0</uncertaintyWeight>
                </logicTreeBranch>
				
            </logicTreeBranchSet>
			
    </logicTree>
</nrml>