<?xml version="1.0" encoding="UTF-8"?>
<nrml xmlns:gml="http://www.opengis.net/gml"
      xmlns="http://openquake.org/xmlns/nrml/0.4">
    <logicTree logicTreeID='lt1'>
        <logicTreeBranchingLevel branchingLevelID="bl2">
                <logicTreeBranchSet uncertaintyType="gmpeModel" branchSetID="bs2"
                    applyToTectonicRegionType="Subduction Interface">
                        <logicTreeBranch branchID="b21">
                                <uncertaintyModel>YoungsEtAl1997SInter</uncertaintyModel>
                                <uncertaintyWeight>0.25</uncertaintyWeight>
                        </logicTreeBranch>
                        <logicTreeBranch branchID="b22">
                                <uncertaintyModel>AtkinsonBoore2003SInter</uncertaintyModel>
                                <uncertaintyWeight>0.25</uncertaintyWeight>
                        </logicTreeBranch>
                        <logicTreeBranch branchID="b23">
                                <uncertaintyModel>ZhaoEtAl2006SInterCascadia</uncertaintyModel>
                                <uncertaintyWeight>0.25</uncertaintyWeight>
                        </logicTreeBranch>
                        <logicTreeBranch branchID="b24">
                                <uncertaintyModel>AbrahamsonEtAl2015SInter</uncertaintyModel>
                                <uncertaintyWeight>0.25</uncertaintyWeight>
                        </logicTreeBranch>
                </logicTreeBranchSet>
        </logicTreeBranchingLevel>


    </logicTree>
</nrml>
