<?xml version="1.0" encoding="utf-8"?>
<nrml xmlns="http://openquake.org/xmlns/nrml/0.5" xmlns:gml="http://www.opengis.net/gml">
	<sourceModel name="Sulu Trench - Segment ST1">
		<sourceGroup rup_interdep="indep" src_interdep="indep" tectonicRegion="Subduction Interface">
			<complexFaultSource id="int_st1" name="Subduction Interface st1" tectonicRegion="Subduction Interface">
				<complexFaultGeometry>
					<faultTopEdge>
						<LineString>
							<posList>
								121.3453 6.965123 26.74286
								121.499 7.196659 25.88571
								121.6908 7.84814 13.88571
								122.0193 8.387173 9.6
								122.0138 8.573323 10.45714
							</posList>
						</LineString>
					</faultTopEdge>
					<intermediateEdge>
						<LineString>
							<posList>
								121.3547 6.957571 27.41764
								121.5056 7.191532 26.84959
								121.7052 7.836989 15.36899
								122.0379 8.372682 11.03982
								122.0369 8.564726 11.69849
							</posList>
						</LineString>
					</intermediateEdge>
					<intermediateEdge>
						<LineString>
							<posList>
								121.3642 6.950018 28.09242
								121.5122 7.186406 27.81346
								121.7196 7.825837 16.85227
								122.0566 8.358191 12.47963
								122.06 8.556129 12.93983
							</posList>
						</LineString>
					</intermediateEdge>
					<intermediateEdge>
						<LineString>
							<posList>
								121.3737 6.942465 28.76721
								121.5188 7.181279 28.77733
								121.7339 7.814685 18.33555
								122.0753 8.343699 13.91945
								122.0831 8.54753 14.18117
							</posList>
						</LineString>
					</intermediateEdge>
					<intermediateEdge>
						<LineString>
							<posList>
								121.3831 6.934911 29.44199
								121.5254 7.176152 29.7412
								121.7483 7.803532 19.81883
								122.094 8.329205 15.35926
								122.1062 8.538929 15.42251
							</posList>
						</LineString>
					</intermediateEdge>
					<intermediateEdge>
						<LineString>
							<posList>
								121.3926 6.927358 30.11677
								121.532 7.171024 30.70507
								121.7626 7.792379 21.30211
								122.1127 8.314711 16.79908
								122.1293 8.530327 16.66385
							</posList>
						</LineString>
					</intermediateEdge>
					<intermediateEdge>
						<LineString>
							<posList>
								121.4021 6.919804 30.79156
								121.5385 7.165897 31.66894
								121.777 7.781225 22.78539
								122.1314 8.300216 18.23889
								122.1524 8.521724 17.9052
							</posList>
						</LineString>
					</intermediateEdge>
					<intermediateEdge>
						<LineString>
							<posList>
								121.4115 6.91225 31.46634
								121.5451 7.16077 32.63281
								121.7919 7.769651 24.15635
								122.1501 8.28572 19.67871
								122.1753 8.513162 19.17214
							</posList>
						</LineString>
					</intermediateEdge>
					<intermediateEdge>
						<LineString>
							<posList>
								121.4207 6.90493 32.21048
								121.5517 7.155643 33.59669
								121.8071 7.757844 25.46507
								122.1687 8.271224 21.11852
								122.1972 8.50501 20.68292
							</posList>
						</LineString>
					</intermediateEdge>
					<intermediateEdge>
						<LineString>
							<posList>
								121.4294 6.897994 33.06849
								121.5583 7.150515 34.56056
								121.8223 7.746036 26.77379
								122.1874 8.256726 22.55834
								122.2191 8.496856 22.19369
							</posList>
						</LineString>
					</intermediateEdge>
					<intermediateEdge>
						<LineString>
							<posList>
								121.4381 6.891058 33.92651
								121.5649 7.145387 35.52443
								121.8375 7.734228 28.08251
								122.2061 8.242228 23.99816
								122.241 8.488702 23.70446
							</posList>
						</LineString>
					</intermediateEdge>
					<intermediateEdge>
						<LineString>
							<posList>
								121.4468 6.884122 34.78453
								121.5715 7.14026 36.4883
								121.8526 7.72242 29.39123
								122.2248 8.227728 25.43797
								122.2629 8.480545 25.21523
							</posList>
						</LineString>
					</intermediateEdge>
					<intermediateEdge>
						<LineString>
							<posList>
								121.4555 6.877185 35.64254
								121.578 7.135132 37.45217
								121.8678 7.71061 30.69995
								122.2434 8.213228 26.87779
								122.2848 8.472388 26.72601
							</posList>
						</LineString>
					</intermediateEdge>
					<intermediateEdge>
						<LineString>
							<posList>
								121.4642 6.870248 36.50056
								121.5846 7.130004 38.41604
								121.883 7.698801 32.00866
								122.2621 8.198727 28.3176
								122.3067 8.46423 28.23678
							</posList>
						</LineString>
					</intermediateEdge>
					<intermediateEdge>
						<LineString>
							<posList>
								121.4729 6.863312 37.35858
								121.5912 7.124876 39.37991
								121.8982 7.687001 33.32676
								122.2803 8.184584 29.85763
								122.3286 8.45607 29.74755
							</posList>
						</LineString>
					</intermediateEdge>
					<intermediateEdge>
						<LineString>
							<posList>
								121.4816 6.856375 38.21659
								121.5978 7.119748 40.34379
								121.9133 7.675268 34.65685
								122.2975 8.171251 31.62305
								122.3502 8.447931 31.30198
							</posList>
						</LineString>
					</intermediateEdge>
					<intermediateEdge>
						<LineString>
							<posList>
								121.4903 6.849438 39.07461
								121.6044 7.11462 41.30766
								121.9284 7.663534 35.98693
								122.3147 8.157916 33.38848
								122.3705 8.440386 33.09982
							</posList>
						</LineString>
					</intermediateEdge>
					<intermediateEdge>
						<LineString>
							<posList>
								121.498 6.843259 40.07137
								121.611 7.109491 42.27153
								121.9435 7.6518 37.31702
								122.3319 8.144581 35.1539
								122.3908 8.432839 34.89765
							</posList>
						</LineString>
					</intermediateEdge>
					<intermediateEdge>
						<LineString>
							<posList>
								121.5042 6.83831 41.28727
								121.6175 7.104363 43.2354
								121.9586 7.640065 38.6471
								122.3491 8.131245 36.91932
								122.411 8.425291 36.69549
							</posList>
						</LineString>
					</intermediateEdge>
					<intermediateEdge>
						<LineString>
							<posList>
								121.5104 6.833361 42.50318
								121.6241 7.099235 44.19927
								121.9737 7.62833 39.97718
								122.3663 8.117909 38.68475
								122.4313 8.417743 38.49333
							</posList>
						</LineString>
					</intermediateEdge>
					<intermediateEdge>
						<LineString>
							<posList>
								121.5166 6.828412 43.71908
								121.6307 7.094106 45.16314
								121.9888 7.616595 41.30727
								122.3835 8.104572 40.45017
								122.4516 8.410193 40.29117
							</posList>
						</LineString>
					</intermediateEdge>
					<intermediateEdge>
						<LineString>
							<posList>
								121.5228 6.823463 44.93498
								121.6373 7.088977 46.12701
								122.0025 7.605845 42.89359
								122.4006 8.091233 42.21559
								122.4718 8.402642 42.089
							</posList>
						</LineString>
					</intermediateEdge>
					<intermediateEdge>
						<LineString>
							<posList>
								121.529 6.818514 46.15088
								121.6439 7.083849 47.09089
								122.0163 7.595146 44.48128
								122.4178 8.077895 43.98102
								122.4921 8.39509 43.88684
							</posList>
						</LineString>
					</intermediateEdge>
					<intermediateEdge>
						<LineString>
							<posList>
								121.5352 6.813565 47.36679
								121.6504 7.07872 48.05476
								122.03 7.584447 46.06896
								122.435 8.064555 45.74644
								122.5123 8.387538 45.68468
							</posList>
						</LineString>
					</intermediateEdge>
					<faultBottomEdge>
						<LineString>
							<posList>
								121.5414 6.808615 48.58269
								121.657 7.073591 49.01863
								122.0438 7.573747 47.65664
								122.4522 8.051215 47.51187
								122.5327 8.379793 47.46239
							</posList>
						</LineString>
					</faultBottomEdge>
				</complexFaultGeometry>
				<magScaleRel>
					ThingbaijamInterface
				</magScaleRel>
				<ruptAspectRatio>
					3.0
				</ruptAspectRatio>
				<incrementalMFD binWidth="0.1" minMag="5.5">
					<occurRates>
						0.213569662720721 0.1994044450702109 0.1861787493936095 0.1738302609731846 0.1623007981760759 0.1515360383233531 0.1414852617411296 0.1321011127877136 0.1233393767308493 0.1151587714238332 0.1075207527988886 0.1003893332613916 0.09373091212928329 0.08751411731873646 0.08170965753020852 0.07629018423835987 0.07123016283566173 0.0665057523225083 0.06209469297700906 0.05797620147519382 0.05413087296746497 0.05054058964993715 0.04718843539986182 0.04405861607294639 0.04113638508703339 0.03840797394150904 0.0358605273450884 0.03348204264630681 0.03126131328134619 0.02918787597274296 0.02725196143018543 0.02544444832114138 0.02375682029441471 0.02218112585416751 0.02070994089533521 0.01933633372391185 0.01805383239730592 0.01685639423087469 0.01573837732696912 0.01469451399234437 0.01371988591868288
					</occurRates>
				</incrementalMFD>
				<rake>
					129.0
				</rake>
			</complexFaultSource>
		</sourceGroup>
	</sourceModel>
</nrml>
